iter	AUC	CrossEntropy
0	0.7709037881	0.668301611
299	0.8775228185	0.3753519313
